{
  "ABIRoot": {
    "kind": "Root",
    "name": "MyLoggerSDK",
    "printedName": "MyLoggerSDK",
    "children": [
      {
        "kind": "Import",
        "name": "Foundation",
        "printedName": "Foundation",
        "declKind": "Import",
        "moduleName": "MyLoggerSDK",
        "declAttributes": [
          "RawDocComment"
        ]
      },
      {
        "kind": "TypeDecl",
        "name": "MyLogger",
        "printedName": "MyLogger",
        "children": [
          {
            "kind": "Var",
            "name": "shared",
            "printedName": "shared",
            "children": [
              {
                "kind": "TypeNominal",
                "name": "MyLogger",
                "printedName": "MyLoggerSDK.MyLogger",
                "usr": "c:@M@MyLoggerSDK@objc(cs)MyLogger"
              }
            ],
            "declKind": "Var",
            "usr": "c:@M@MyLoggerSDK@objc(cs)MyLogger(cpy)shared",
            "mangledName": "$s11MyLoggerSDK0aB0C6sharedACvpZ",
            "moduleName": "MyLoggerSDK",
            "static": true,
            "declAttributes": [
              "HasInitialValue",
              "Final",
              "HasStorage",
              "AccessControl",
              "ObjC"
            ],
            "isLet": true,
            "hasStorage": true,
            "accessors": [
              {
                "kind": "Accessor",
                "name": "Get",
                "printedName": "Get()",
                "children": [
                  {
                    "kind": "TypeNominal",
                    "name": "MyLogger",
                    "printedName": "MyLoggerSDK.MyLogger",
                    "usr": "c:@M@MyLoggerSDK@objc(cs)MyLogger"
                  }
                ],
                "declKind": "Accessor",
                "usr": "c:@M@MyLoggerSDK@objc(cs)MyLogger(cm)shared",
                "mangledName": "$s11MyLoggerSDK0aB0C6sharedACvgZ",
                "moduleName": "MyLoggerSDK",
                "static": true,
                "implicit": true,
                "declAttributes": [
                  "Final",
                  "ObjC"
                ],
                "accessorKind": "get"
              }
            ]
          },
          {
            "kind": "TypeDecl",
            "name": "Level",
            "printedName": "Level",
            "children": [
              {
                "kind": "Var",
                "name": "info",
                "printedName": "info",
                "children": [
                  {
                    "kind": "TypeFunc",
                    "name": "Function",
                    "printedName": "(MyLoggerSDK.MyLogger.Level.Type) -> MyLoggerSDK.MyLogger.Level",
                    "children": [
                      {
                        "kind": "TypeNominal",
                        "name": "Level",
                        "printedName": "MyLoggerSDK.MyLogger.Level",
                        "usr": "s:11MyLoggerSDK0aB0C5LevelO"
                      },
                      {
                        "kind": "TypeNominal",
                        "name": "Metatype",
                        "printedName": "MyLoggerSDK.MyLogger.Level.Type",
                        "children": [
                          {
                            "kind": "TypeNominal",
                            "name": "Level",
                            "printedName": "MyLoggerSDK.MyLogger.Level",
                            "usr": "s:11MyLoggerSDK0aB0C5LevelO"
                          }
                        ]
                      }
                    ]
                  }
                ],
                "declKind": "EnumElement",
                "usr": "s:11MyLoggerSDK0aB0C5LevelO4infoyA2EmF",
                "mangledName": "$s11MyLoggerSDK0aB0C5LevelO4infoyA2EmF",
                "moduleName": "MyLoggerSDK",
                "declAttributes": [
                  "ObjC"
                ],
                "fixedbinaryorder": 0
              },
              {
                "kind": "Var",
                "name": "error",
                "printedName": "error",
                "children": [
                  {
                    "kind": "TypeFunc",
                    "name": "Function",
                    "printedName": "(MyLoggerSDK.MyLogger.Level.Type) -> MyLoggerSDK.MyLogger.Level",
                    "children": [
                      {
                        "kind": "TypeNominal",
                        "name": "Level",
                        "printedName": "MyLoggerSDK.MyLogger.Level",
                        "usr": "s:11MyLoggerSDK0aB0C5LevelO"
                      },
                      {
                        "kind": "TypeNominal",
                        "name": "Metatype",
                        "printedName": "MyLoggerSDK.MyLogger.Level.Type",
                        "children": [
                          {
                            "kind": "TypeNominal",
                            "name": "Level",
                            "printedName": "MyLoggerSDK.MyLogger.Level",
                            "usr": "s:11MyLoggerSDK0aB0C5LevelO"
                          }
                        ]
                      }
                    ]
                  }
                ],
                "declKind": "EnumElement",
                "usr": "s:11MyLoggerSDK0aB0C5LevelO5erroryA2EmF",
                "mangledName": "$s11MyLoggerSDK0aB0C5LevelO5erroryA2EmF",
                "moduleName": "MyLoggerSDK",
                "declAttributes": [
                  "ObjC"
                ],
                "fixedbinaryorder": 1
              },
              {
                "kind": "Var",
                "name": "debug",
                "printedName": "debug",
                "children": [
                  {
                    "kind": "TypeFunc",
                    "name": "Function",
                    "printedName": "(MyLoggerSDK.MyLogger.Level.Type) -> MyLoggerSDK.MyLogger.Level",
                    "children": [
                      {
                        "kind": "TypeNominal",
                        "name": "Level",
                        "printedName": "MyLoggerSDK.MyLogger.Level",
                        "usr": "s:11MyLoggerSDK0aB0C5LevelO"
                      },
                      {
                        "kind": "TypeNominal",
                        "name": "Metatype",
                        "printedName": "MyLoggerSDK.MyLogger.Level.Type",
                        "children": [
                          {
                            "kind": "TypeNominal",
                            "name": "Level",
                            "printedName": "MyLoggerSDK.MyLogger.Level",
                            "usr": "s:11MyLoggerSDK0aB0C5LevelO"
                          }
                        ]
                      }
                    ]
                  }
                ],
                "declKind": "EnumElement",
                "usr": "s:11MyLoggerSDK0aB0C5LevelO5debugyA2EmF",
                "mangledName": "$s11MyLoggerSDK0aB0C5LevelO5debugyA2EmF",
                "moduleName": "MyLoggerSDK",
                "declAttributes": [
                  "ObjC"
                ],
                "fixedbinaryorder": 2
              },
              {
                "kind": "Constructor",
                "name": "init",
                "printedName": "init(rawValue:)",
                "children": [
                  {
                    "kind": "TypeNominal",
                    "name": "Optional",
                    "printedName": "MyLoggerSDK.MyLogger.Level?",
                    "children": [
                      {
                        "kind": "TypeNominal",
                        "name": "Level",
                        "printedName": "MyLoggerSDK.MyLogger.Level",
                        "usr": "s:11MyLoggerSDK0aB0C5LevelO"
                      }
                    ],
                    "usr": "s:Sq"
                  },
                  {
                    "kind": "TypeNominal",
                    "name": "Int",
                    "printedName": "Swift.Int",
                    "usr": "s:Si"
                  }
                ],
                "declKind": "Constructor",
                "usr": "s:11MyLoggerSDK0aB0C5LevelO8rawValueAESgSi_tcfc",
                "mangledName": "$s11MyLoggerSDK0aB0C5LevelO8rawValueAESgSi_tcfc",
                "moduleName": "MyLoggerSDK",
                "implicit": true,
                "init_kind": "Designated"
              },
              {
                "kind": "Var",
                "name": "rawValue",
                "printedName": "rawValue",
                "children": [
                  {
                    "kind": "TypeNominal",
                    "name": "Int",
                    "printedName": "Swift.Int",
                    "usr": "s:Si"
                  }
                ],
                "declKind": "Var",
                "usr": "s:11MyLoggerSDK0aB0C5LevelO8rawValueSivp",
                "mangledName": "$s11MyLoggerSDK0aB0C5LevelO8rawValueSivp",
                "moduleName": "MyLoggerSDK",
                "implicit": true,
                "accessors": [
                  {
                    "kind": "Accessor",
                    "name": "Get",
                    "printedName": "Get()",
                    "children": [
                      {
                        "kind": "TypeNominal",
                        "name": "Int",
                        "printedName": "Swift.Int",
                        "usr": "s:Si"
                      }
                    ],
                    "declKind": "Accessor",
                    "usr": "s:11MyLoggerSDK0aB0C5LevelO8rawValueSivg",
                    "mangledName": "$s11MyLoggerSDK0aB0C5LevelO8rawValueSivg",
                    "moduleName": "MyLoggerSDK",
                    "implicit": true,
                    "accessorKind": "get"
                  }
                ]
              }
            ],
            "declKind": "Enum",
            "usr": "s:11MyLoggerSDK0aB0C5LevelO",
            "mangledName": "$s11MyLoggerSDK0aB0C5LevelO",
            "moduleName": "MyLoggerSDK",
            "declAttributes": [
              "AccessControl",
              "ObjC"
            ],
            "enumRawTypeName": "Int",
            "conformances": [
              {
                "kind": "Conformance",
                "name": "Copyable",
                "printedName": "Copyable",
                "usr": "s:s8CopyableP",
                "mangledName": "$ss8CopyableP"
              },
              {
                "kind": "Conformance",
                "name": "Escapable",
                "printedName": "Escapable",
                "usr": "s:s9EscapableP",
                "mangledName": "$ss9EscapableP"
              },
              {
                "kind": "Conformance",
                "name": "Equatable",
                "printedName": "Equatable",
                "usr": "s:SQ",
                "mangledName": "$sSQ"
              },
              {
                "kind": "Conformance",
                "name": "Hashable",
                "printedName": "Hashable",
                "usr": "s:SH",
                "mangledName": "$sSH"
              },
              {
                "kind": "Conformance",
                "name": "RawRepresentable",
                "printedName": "RawRepresentable",
                "children": [
                  {
                    "kind": "TypeWitness",
                    "name": "RawValue",
                    "printedName": "RawValue",
                    "children": [
                      {
                        "kind": "TypeNominal",
                        "name": "Int",
                        "printedName": "Swift.Int",
                        "usr": "s:Si"
                      }
                    ]
                  }
                ],
                "usr": "s:SY",
                "mangledName": "$sSY"
              }
            ]
          },
          {
            "kind": "Function",
            "name": "log",
            "printedName": "log(_:level:)",
            "children": [
              {
                "kind": "TypeNominal",
                "name": "Void",
                "printedName": "()"
              },
              {
                "kind": "TypeNominal",
                "name": "String",
                "printedName": "Swift.String",
                "usr": "s:SS"
              },
              {
                "kind": "TypeNominal",
                "name": "Level",
                "printedName": "MyLoggerSDK.MyLogger.Level",
                "hasDefaultArg": true,
                "usr": "s:11MyLoggerSDK0aB0C5LevelO"
              }
            ],
            "declKind": "Func",
            "usr": "c:@M@MyLoggerSDK@objc(cs)MyLogger(im)log:level:",
            "mangledName": "$s11MyLoggerSDK0aB0C3log_5levelySS_AC5LevelOtF",
            "moduleName": "MyLoggerSDK",
            "declAttributes": [
              "Final",
              "AccessControl",
              "ObjC"
            ],
            "funcSelfKind": "NonMutating"
          }
        ],
        "declKind": "Class",
        "usr": "c:@M@MyLoggerSDK@objc(cs)MyLogger",
        "mangledName": "$s11MyLoggerSDK0aB0C",
        "moduleName": "MyLoggerSDK",
        "declAttributes": [
          "Final",
          "AccessControl",
          "ObjCMembers",
          "ObjC"
        ],
        "superclassUsr": "c:objc(cs)NSObject",
        "hasMissingDesignatedInitializers": true,
        "inheritsConvenienceInitializers": true,
        "superclassNames": [
          "ObjectiveC.NSObject"
        ],
        "conformances": [
          {
            "kind": "Conformance",
            "name": "Copyable",
            "printedName": "Copyable",
            "usr": "s:s8CopyableP",
            "mangledName": "$ss8CopyableP"
          },
          {
            "kind": "Conformance",
            "name": "Escapable",
            "printedName": "Escapable",
            "usr": "s:s9EscapableP",
            "mangledName": "$ss9EscapableP"
          },
          {
            "kind": "Conformance",
            "name": "Equatable",
            "printedName": "Equatable",
            "usr": "s:SQ",
            "mangledName": "$sSQ"
          },
          {
            "kind": "Conformance",
            "name": "Hashable",
            "printedName": "Hashable",
            "usr": "s:SH",
            "mangledName": "$sSH"
          },
          {
            "kind": "Conformance",
            "name": "CVarArg",
            "printedName": "CVarArg",
            "usr": "s:s7CVarArgP",
            "mangledName": "$ss7CVarArgP"
          },
          {
            "kind": "Conformance",
            "name": "_KeyValueCodingAndObservingPublishing",
            "printedName": "_KeyValueCodingAndObservingPublishing",
            "usr": "s:10Foundation37_KeyValueCodingAndObservingPublishingP",
            "mangledName": "$s10Foundation37_KeyValueCodingAndObservingPublishingP"
          },
          {
            "kind": "Conformance",
            "name": "_KeyValueCodingAndObserving",
            "printedName": "_KeyValueCodingAndObserving",
            "usr": "s:10Foundation27_KeyValueCodingAndObservingP",
            "mangledName": "$s10Foundation27_KeyValueCodingAndObservingP"
          },
          {
            "kind": "Conformance",
            "name": "CustomStringConvertible",
            "printedName": "CustomStringConvertible",
            "usr": "s:s23CustomStringConvertibleP",
            "mangledName": "$ss23CustomStringConvertibleP"
          },
          {
            "kind": "Conformance",
            "name": "CustomDebugStringConvertible",
            "printedName": "CustomDebugStringConvertible",
            "usr": "s:s28CustomDebugStringConvertibleP",
            "mangledName": "$ss28CustomDebugStringConvertibleP"
          }
        ]
      }
    ],
    "json_format_version": 8
  },
  "ConstValues": [
    {
      "filePath": "\/Users\/penglianjin\/Documents\/Learning\/Project\/iOS_demo\/XCFramework\/MyLogger\/MyLogger\/Sources\/MyLogger\/MyLogger.swift",
      "kind": "IntegerLiteral",
      "offset": 291,
      "length": 5,
      "value": "1"
    },
    {
      "filePath": "\/Users\/penglianjin\/Documents\/Learning\/Project\/iOS_demo\/XCFramework\/MyLogger\/MyLogger\/Sources\/MyLogger\/MyLogger.swift",
      "kind": "IntegerLiteral",
      "offset": 310,
      "length": 5,
      "value": "2"
    }
  ]
}